Title,Date,Age,Interests,Tags,Gender,Country,Entities,Emotions,Names,"Potential Visitors"
"USDA announces $8 million initiative to combat invasive blue catfish in Chesapeake Bay","Aug 07, 2025 03:28 PM",25-34,"Business & Industrial, Health & Fitness, News, Science, People & Society","Invasive Species, Chesapeake Bay, Agriculture, Environmental Policy",Male,us,"Chesapeake Bay, USDA, blue catfish",Trust,"Brooke Rollins, Sarah Elfreth, Christian Olaniran",1
"New international tariffs now in effect","Aug 07, 2025 01:36 PM",25-34,"Business & Industrial, Finance, Law & Government, News, Technology","Tariffs, International Trade, Economy, Policy",Male,us,"Tariffs, International Trade, Economy",Anticipation,"Janet Yellen, Peter Navarro",1
"Court sides with Castle Pines in McDonalds development dispute","Aug 07, 2025 05:17 AM",35-44,"Business & Industrial, Law & Government, News, People & Society, Real Estate","Court Ruling, Development Dispute, McDonald's, Castle Pines",Male,us,"Castle Pines, CP Commercial, Douglas County District Court",Happiness,"Douglas Gilbert, Michael Penny, Olivia Young",1
"More ""plant destroyer"" water mold species discovered in Minnesota","Aug 07, 2025 01:48 AM",25-34,"Science, Health & Fitness, Home & Garden, News, Hobbies & Leisure","Plant Pathology, Research, Agriculture, Environmental Science",Male,us,"University of Minnesota, phytophthora, trees, plants",Concern,"Nick Rajtar, Adam",1
"Manatee spotted on Cape Cod for first time in nearly a decade","Aug 07, 2025 12:53 AM",25-34,"Arts & Entertainment, Health & Fitness, News, People & Society, Science","Wildlife, Conservation, Marine Life, Manatee",Male,us,"Manatee, Cape Cod, International Fund for Animal Welfare",Concern,"Erin Burke, Neal J. Riley",1
"NYC district attorneys will get $17M in new funding to beef up staffing, investigations: Adams","Aug 06, 2025 10:57 PM",25-34,"Business & Industrial, Law & Government, News, People & Society, Finance","Funding, District Attorneys, Cybercrime, Public Safety",Male,us,"New York City, District Attorneys, Cybercrime, Public Safety",Happiness,"Eric Adams, Darcel Clark, Alvin Bragg, Melinda Katz, Michael McMahon, Eric Gonzalez",1
"Kilauea volcano erupts out 300-foot lava fountain during latest episode","Aug 06, 2025 10:57 PM",25-34,"Arts & Entertainment, News, Science, Travel, Hobbies & Leisure","Volcano, Eruption, Kilauea, Hawaii",Male,us,"Kilauea, Halemaʻumaʻu crater, U.S. Geological Survey",Anticipation,"U.S. Geological Survey, Hawaiian Volcano Observatory",1
"This weekend's Parkway East closure is a preview of a longer closure coming next summer","Aug 07, 2025 02:03 PM",25-34,"News, Business & Industrial, Health & Fitness, Autos & Vehicles, Travel","Traffic, Construction, Road Closure, PennDOT",Male,us,"Parkway East, PennDOT, Squirrel Hill Tunnel",Anticipation,"Doug Thompson, John Shumway",2
"Heat, humidity ramp up in Twin Cities Thursday","Aug 07, 2025 01:50 PM",25-34,"News, Health & Fitness, Science, Lifestyle & Hobbies, Travel","Weather, Storms, Meteorology, Heat",Male,us,"Twin Cities, Weather, Thunderstorms",Anticipation,"Joseph Dames",2
"United Airlines lifts ground stop that affected several cities","Aug 07, 2025 01:36 PM",25-34,"News, Business & Industrial, Travel, Autos & Vehicles, People & Society","United Airlines, Ground Stop, Travel News, Aviation",Male,us,"United Airlines, Ground Stop, Travel Disruption",Anticipation,"United Airlines, FAA",2
"Greektown Revitalization Project updates","Aug 07, 2025 01:36 PM",25-34,"Business & Industrial, News, Real Estate, People & Society, Travel","Urban Development, Community, Revitalization",Male,us,"Greektown, Revitalization Project, City Council",Anticipation,"Mayor, City Council, Local Business Owners",2
"Pleasant Raven's game conditions are in Baltimore's forecast","Aug 07, 2025 11:27 AM",25-34,"News, Sports, Health & Fitness, Hobbies & Leisure, Travel","Weather, Baltimore, Ravens, Forecast",Male,us,"Baltimore, M&T Bank Stadium, First Alert Forecast",Anticipation,Cutter,2
"Kenney's executive order to rename Columbus Day is invalid, court rules","Aug 07, 2025 05:57 AM",25-34,"News, Law & Government, People & Society, Politics, Business & Industrial","Court Ruling, Columbus Day, Indigenous Peoples' Day, Philadelphia",Male,us,"Philadelphia, Columbus Day, Indigenous Peoples' Day, Pennsylvania Commonwealth Court",Anticipation,"Jim Kenney, Patricia A. McCollough, Mark Squilla, Tom Ignudo",2
"Warmer, brighter Thursday in Philly area; nice summer weekend ahead","Aug 07, 2025 05:57 AM",25-34,"News, Health & Fitness, Lifestyle & Hobbies, Travel, Sports","Weather, Forecast, Philadelphia, Summer",Male,us,"Philadelphia, Weather, Summer",Happiness,N/A,2
"Trump admin axes Biden approval of &#8216;irresponsible&#8217; wind farm in Idaho","Aug 07, 2025 02:57 AM",25-34,"News, Business & Industrial, Politics, Environment, Technology","Wind Energy, Trump Administration, Renewable Energy, Environmental Policy",Male,us,"Lava Ridge Wind Project, Bureau of Land Management, Minidoka National Historic Site",Anger,"Doug Burgum, Robyn Achilles, Jason Grumet",2
"Anti-Israel activist Mahmoud Khalil argues Oct. 7 terror attack was ‘desperate attempt’ by Palestinians to ‘break the cycle’","Aug 07, 2025 02:57 AM",25-34,"News, People & Society, Politics, Arts & Entertainment, Health & Fitness","Politics, Activism, Israel, Hamas",Male,us,"Hamas, Israel, Palestinians, Ezra Klein",Anticipation,"Mahmoud Khalil, Ezra Klein",2
"Ghislaine Maxwell will be barred from service puppy training program at lax new lockup over child sex abuse record","Aug 07, 2025 02:57 AM",25-34,"News, Business & Industrial, Travel, Health & Fitness, Technology","United Airlines, FAA, Flight Delays, Technology Issue",Male,us,"United Airlines, FAA, Newark Liberty International Airport",Anticipation,"United Airlines, Federal Aviation Administration",2
"Rescuers save 3 from Antarctica base after braving 24-hours of darkness, sub-zero temperatures","Aug 07, 2025 02:09 AM",25-34,"News, Science, Health & Fitness, People & Society, Travel","Rescue, Antarctica, Medical Evacuation, RNZAF",Male,us,"RNZAF, McMurdo Station, United Nations Science Foundation",Trust,"Melissa Sweeney, Andy Scott",2
"Queens residents say unofficial airport lots take up valuable street parking","Aug 07, 2025 01:49 AM",25-34,"News, People & Society, Business & Industrial, Home & Garden, Autos & Vehicles","Parking Issues, Community Concerns, Local News, Airport",Male,us,"Queens, JFK Airport, Purchase Park 2 Fly, Drivo Rent-a-Car",Frustration,"Imran Isshack, Jag Preet, Rashpal Singh, Lisa Rozner, Kay Kadirov",2
"Minnesota sees spike in overdoses involving sedatives","Aug 07, 2025 01:48 AM",25-34,"Health & Fitness, News, People & Society, Business & Industrial, Law & Government","Health Advisory, Overdose, Sedatives, Naloxone",Male,us,"Minnesota Department of Health, Avivo, xylazine, fentanyl",Concern,"Ashley Grams, Deepa McGriff, Jason Peterson, John Tribbett",2
"Boil water notice issued to some Malibu residents","Aug 07, 2025 01:38 AM",25-34,"News, Health & Fitness, People & Society, Home & Garden, Business & Industrial","Water Safety, Public Health",Male,us,"Malibu, LA County Waterworks, Solstice Canyon Road",Concern,"Matthew Rodriguez",2
"Ground stop issued for United flights in multiple cities, including Chicago","Aug 07, 2025 12:56 AM",25-34,"News, Business & Industrial, Travel, Health & Fitness, Technology","Breaking News, United Airlines, Flight Delays, Technology Issue",Male,us,"United Airlines, Chicago O'Hare International Airport, Denver, Houston, San Francisco, Newark",Anticipation,"Sara Tenenbaum",2
"Hulk Hogan's Funeral: Family and Friends Remember the Wrestling Legend","Aug 06, 2025 11:52 PM",35-44,"Arts & Entertainment, People & Society, Sports, Health & Fitness, News","Wrestling, Memorial, Hulk Hogan, Family",Male,us,"Hulk Hogan, WWE, Indian Rocks Baptist Church",Sadness,"Hulk Hogan, Terry Bollea, Linda Hogan, Nick Hogan, Brooke Hogan, Vince McMahon, Triple H",2
"US auctioning off seized $325M Russian superyacht with helipad, gym and a spa","Aug 06, 2025 10:57 PM",25-34,"Arts & Entertainment, Business & Industrial, Finance, News, People & Society","Auction, Russian Yacht, Seized Assets, Luxury",Male,us,"Amadea, U.S. Government, National Maritime Services",Anticipation,"Donald Trump, Vladimir Putin, Suleiman Kerimov, Eduard Khudainatov",2
"Part of Constitution vanishes from government website due to &#8216;error&#8217;","Aug 06, 2025 10:57 PM",25-34,"News, Law & Government, Business & Industrial, People & Society, Technology","Constitution, Government, Coding Error, Library of Congress",Male,us,"Constitution, Article I, Library of Congress",Anticipation,"President Trump, Library of Congress",2
"US journalist who went missing for six days on Norwegian glacier hike rescued","Aug 06, 2025 10:57 PM",35-44,"Arts & Entertainment, Health & Fitness, News, People & Society, Travel","Rescue, Journalism, Adventure, Climate Change",Male,us,"Norway, Folgefonna National Park, Red Cross",Happiness,"Alec Luhn, Veronika Silchenko",2
"Trump’s Envoy Gets No Peace Deal from Yet More Putin Talks","Aug 06, 2025 10:11 PM",35-44,"News, Politics, Business & Industrial, People & Society, Law & Government","Politics, Diplomacy, International Relations",Male,us,"Trump, Putin, Peace Deal",Disgust,"Donald Trump, Vladimir Putin",2
"Charlie Kirk Comes Up With Bonkers Solution to Housing Crisis","Aug 06, 2025 10:11 PM",25-34,"Business & Industrial, News, Politics, Real Estate, People & Society","Housing Crisis, Politics, Solutions",Male,us,"Housing Crisis, Charlie Kirk, Politics",Anticipation,"Charlie Kirk",2
"Italy approves $15.5 billion project to build world’s longest suspension bridge from mainland to Sicily","Aug 06, 2025 10:08 PM",25-34,"Business & Industrial, News, Science, Technology, Travel","Infrastructure, Engineering, Italy, Transportation",Male,it,"Strait of Messina Bridge, Webuild, Italy",Anticipation,"Matteo Salvini, Giorgia Meloni, Pietro Salini",2
"Russia strikes Ukraine gas hub ahead of winter in &#8216;cynical&#8217; attack, Zelensky says","Aug 06, 2025 10:08 PM",25-34,"News, Politics, Business & Industrial, Law & Government, People & Society","Sanctions, Russia, Ukraine, Diplomacy",Male,us,"US sanctions, Russian oil, Vladimir Putin",Anticipation,"Vladimir Putin, Steve Witkoff",2
"A rodeo in Massachusetts? Here's where you can find it.","Aug 07, 2025 12:55 PM",25-34,"Arts & Entertainment, Hobbies & Leisure, Sports, People & Society, Travel","Rodeo, Bull Riding, Barrel Racing, New England",Female,us,"New England Rodeo, Bull Riding, Barrel Racing",Happiness,"Elias DaSilva, Jordyn Jagolinzer",3
"Trump claims Howard Stern&#8217;s SiriusXM show &#8216;went down&#8217; for this reason","Aug 07, 2025 06:58 AM",25-34,"Arts & Entertainment, News, People & Society, Politics, Business & Industrial","Politics, Celebrity, Media, Trump",Male,us,"Howard Stern, SiriusXM, Donald Trump",Anticipation,"Howard Stern, Donald Trump, Kamala Harris",3
"Fishing boat docked at NYC pier begins sinking with 11 passengers on board after dark: cops","Aug 07, 2025 06:58 AM",25-34,"Arts & Entertainment, Business & Industrial, Health & Fitness, News, Sports","Emergency, Rescue, Fishing, NYC",Male,us,"Fishing Boat, Brooklyn Pier, Emergency Responders",Anticipation,"NYPD, FDNY",3
"New Addition to Trump’s Rose Garden Is Vastly Similar to Mar-a-Lago","Aug 07, 2025 06:12 AM",35-44,"Arts & Entertainment, Business & Industrial, News, Politics, People & Society","Politics, Trump, Rose Garden, Mar-a-Lago",Male,us,"Trump, Rose Garden, Mar-a-Lago",Anticipation,"Donald Trump",3
"Blaine man's giant backyard guitar honors rock 'n' roll legends","Aug 07, 2025 05:48 AM",25-34,"Arts & Entertainment, Hobbies & Leisure, People & Society, Home & Garden, News","Art, Music, Tribute, Community",Male,us,"Blaine, Minnesota, guitar, rock 'n' roll",Happiness,"Erik Lund, Bob Dylan, Jimmy Page, Randy Rhoads",3
"Butter made from carbon in Batavia tastes like the real thing","Aug 07, 2025 04:57 AM",25-34,"Food & Drink, Business & Industrial, Health & Fitness, Science, Technology","Sustainability, Innovation, Food Technology, Climate Change",Female,us,"Savor, Butter, Climate Change, Sustainability",Anticipation,"Kathleen Alexander, Jordan Beiden-Charles, Bill Gates, Tara Molina",3
"Former member of rock band Boston now helping heal patients with the power of music","Aug 07, 2025 04:42 AM",35-44,"Arts & Entertainment, Health & Fitness, People & Society, News, Hobbies & Leisure","Music Therapy, Nonprofit, Healing, Veterans",Female,us,"Harmony and Healing, Music, Veterans Affairs",Happiness,"David Victor, Mancy Gant, Norman Kimball, Sharon Chin",3
"Wild pigs in California develop &#8216;bright blue&#8217; skin after exposure to pesticides with rat poison: officials","Aug 07, 2025 02:57 AM",25-34,"Health & Fitness, News, People & Society, Science, Environment","Wildlife, Pesticides, Environmental Impact, California",Male,us,"California Department of Fish and Wildlife, Diphacinone, Urban Trapping Wildlife Control",Surprise,"Dan Burton",3
"Long Island's historic Oheka Castle files for bankruptcy","Aug 07, 2025 01:49 AM",25-34,"Arts & Entertainment, Business & Industrial, Health & Fitness, News, Travel","Bankruptcy, Historic Places, Weddings, Long Island",Female,us,"Oheka Castle, Long Island, Chapter 11 bankruptcy",Empathy,"Gary Melius, Steven Kessler, Ashley Pastore, Jennifer Bisram",3
"Former Superman actor says he joined ICE &#8216;to help save America&#8217; in support of Trump&#8217;s immigration crackdown","Aug 06, 2025 10:57 PM",25-34,"Arts & Entertainment, Business & Industrial, Law & Government, News, People & Society","Immigration, Dean Cain, ICE, Trump",Male,us,"ICE, Immigration, Dean Cain",Anticipation,"Dean Cain, Kristi Noem",3
"Trump Targets Spouses of US Citizens in Green Card Crackdown","Aug 06, 2025 10:11 PM",25-34,"Business & Industrial, Law & Government, News, People & Society, Politics","Politics, Immigration, Policy, Trump",Male,us,"Green Card, Immigration, US Citizens",Anger,"Donald Trump",3
"How NYC is responding to the deadly Legionnaires' disease outbreak","Aug 06, 2025 09:48 PM",25-34,"Health & Fitness, News, People & Society, Law & Government, Science","Legionnaires' disease, Outbreak, Public Health, NYC",Male,us,"Legionnaires' disease, New York City, cooling towers",Concern,"Eric Adams, Dr. Aaron Glatt, Doug Williams",3
"NYC Campaign Finance Board denies matching funds to Mayor Eric Adams","Aug 06, 2025 09:48 PM",25-34,"News, Politics, Business & Industrial, People & Society, Law & Government","Election, Campaign Finance, Eric Adams, NYC",Male,us,"Campaign Finance Board, NYC Mayor, Election",Anger,"Eric Adams, Zohran Mamdani, Andrew Cuomo, Curtis Sliwa",3
"2025 hurricane season forecast holds steady, CSU researchers say","Aug 06, 2025 09:40 PM",25-34,"News, Science, Health & Fitness, Business & Industrial, Travel","Hurricane, Weather, Forecast, Climate",Male,us,"Hurricane Season, Tropical Storm, Atlantic Ocean",Anticipation,"Colorado State University, AccuWeather",3
"Detroiters react to Sheffield, Kinloch mayoral election","Aug 06, 2025 09:32 PM",25-34,"News, People & Society, Politics, Business & Industrial, Hobbies & Leisure","Election, Local News, Politics, Community",Male,us,"Sheffield, Kinloch, Detroit",Anticipation,"Mayor, Residents, Candidates",3
"Trump Orders New Census in Election Power Grab","Aug 07, 2025 02:14 PM",35-44,"News, Politics, Business & Finance, Law & Government, People & Society","Politics, Census, Election, Trump",Male,us,"Census, Election, Donald Trump",Anger,"Donald Trump",4
"Rain returns to South Florida, bringing relief from dangerous heat","Aug 07, 2025 01:43 PM",25-34,"News, Health & Fitness, Sports, Hobbies & Leisure, Travel","Weather, Storms, South Florida, Meteorology",Female,us,"South Florida, Tropical Storm Dexter, CBS4 News",Relief,"Lissette Gonzalez",4
"Heat wave continues in parts of Southern California bringing scorching temperatures","Aug 07, 2025 01:41 PM",25-34,"News, Health & Fitness, Lifestyle & Hobbies, Science, Travel","Heat Wave, Weather Advisory, Southern California, Temperature",Female,us,"Southern California, National Weather Service, Heat Risk",Anticipation,"Amber Lee, Chelsea Hylton",4
"Firefighter injured while responding to house fire on Chicago's West Side","Aug 07, 2025 12:59 PM",25-34,"News, Health & Fitness, People & Society, Business & Industrial, Arts & Entertainment","Firefighter, Injury, Chicago, House Fire",Male,us,"Chicago Fire Department, Austin neighborhood, CBS News",Concern,Elyssa,4
"Bozo tourist taunts bison at Yellowstone National Park: video","Aug 07, 2025 06:58 AM",25-34,"Arts & Entertainment, Health & Fitness, News, People & Society, Travel","Wildlife, National Park, Tourism, Safety",Male,us,"Yellowstone National Park, Bison, Tourist",Surprise,"Park Officials, Tourist",4
"Trump&#8217;s higher tariff rates hit goods from major US trading partners","Aug 07, 2025 06:58 AM",25-34,"Business & Industrial, Finance, News, Politics, Technology","Tariffs, Trade, Economy, Donald Trump",Male,us,"US trade, tariffs, global economy",Anticipation,"Donald Trump, Scott Bessent, William Reinsch",4
"Frustration erupts in Fairfield as neighbors push back against proposed homeless housing project","Aug 07, 2025 06:06 AM",25-34,"News, People & Society, Law & Government, Health & Fitness, Business & Industrial","Housing, Community Engagement, Homelessness, Local Government",Female,us,"Vista Ridge, Paradise Valley, Danco",Frustration,"Catherine Moy, Pam Bertani, Cameron Dart",4
"Rockaway looks to ease summer strain as tourism boom brings traffic, trash","Aug 07, 2025 05:50 AM",25-34,"Arts & Entertainment, Business & Industrial, Health & Fitness, News, Travel","Tourism, Community, Infrastructure, Environment",Female,us,"Rockaway Beach, NYC Parks Department, Jamaica Bay-Rockaway Parks Conservancy",Anticipation,"Felicia Johnson, Tyrone Frison, Delilah McBride, Dolores Orr, Selvena Brooks-Powers",4
"Plymouth to monitor tree health using AI","Aug 07, 2025 05:48 AM",25-34,"Business & Industrial, Health & Fitness, News, Technology, Home & Garden","AI, Tree Health, Urban Forestry, Plymouth",Male,us,"Plymouth, Greehill, tree preservation, Dallas, Las Vegas",Anticipation,"Conor Nolan, Paul Buck, Frankie McLister",4
"Denver shuts down property owner renting RVs, trailers to homeless","Aug 07, 2025 05:17 AM",25-34,"Business & Industrial, Health & Fitness, News, People & Society, Law & Government","Affordable Housing, Homelessness, Denver, Zoning Laws",Male,us,"Denver, Affordable Housing, RV Rentals",Empathy,"Kevin Dickson, Josh Quinn, Craig Arfsten",4
"Small plane lands on Elgin golf course","Aug 07, 2025 04:57 AM",25-34,"News, Health & Fitness, People & Society, Sports, Hobbies & Leisure","Emergency Landing, Aviation, Safety, Local News",Male,us,"Elgin, Highlands of Elgin, Federal Aviation Administration, National Transportation Safety Board",Relief,"Sara Tenenbaum",4
"One of San Francisco's ""Painted Ladies"" open as museum for fnnch's honey bear art","Aug 07, 2025 04:42 AM",25-34,"Arts & Entertainment, Hobbies & Leisure, Home & Garden, People & Society, Travel","Art, Museum, San Francisco, Street Art",Female,us,"Painted Ladies, Honey Bear, San Francisco",Happiness,"fnnch, Luciana Hernandez",4
"Coppell ISD installs panic buttons in classrooms under new Texas law","Aug 07, 2025 03:31 AM",25-34,"News, Education, Health & Fitness, People & Society, Law & Government","School Safety, Education Policy, Texas Law, Panic Buttons",Female,us,"Coppell ISD, Senate Bill 838, school safety",Trust,"Sara Balarin, Mark Bradford",4
"President Trump considering involvement in NYC mayor's race, report says","Aug 07, 2025 01:49 AM",25-34,"News, Politics, Business & Industrial, People & Society, Sports","Politics, Election, Trump, Cuomo",Male,us,"New York City, Mayor's Race, Donald Trump, Andrew Cuomo",Anticipation,"Donald Trump, Andrew Cuomo, Zohran Mamdani, Eric Adams, Marcia Kramer",4
"Don't expect Minnesota's ""Summer Glory Index"" to be high in 2025","Aug 07, 2025 01:48 AM",25-34,"Health & Fitness, News, Science, People & Society, Environment","Climate Change, Weather, Minnesota, Summer",Female,us,"Summer Glory Index, Minnesota Department of Natural Resources, Climate Change",Anticipation,"Kenny Blumenfeld, Susan Gulbrandson, Lisa",4
"MPCA could have alerted people about lead exposure sooner","Aug 07, 2025 01:48 AM",25-34,"Health & Fitness, News, Law & Government, People & Society, Environment","Pollution, Health Risk, Lead Exposure, Environmental Investigation",Female,us,"Minnesota Pollution Control Agency, Gopher Resource, Environmental Protection Agency",Anger,"Courtney Ahlers-Nelson, Jennifer Mayerle",4
"South Florida NABJ chapter wins Chapter of the Year at National Convention","Aug 07, 2025 01:41 AM",25-34,"Arts & Entertainment, Business & Industrial, News, People & Society, Hobbies & Leisure","Award, Journalism, Community, NABJ",Female,us,"National Association of Black Journalists, South Florida chapter, CBS News Miami",Happiness,"Chelsea Jones, Tania Francois, Jim Berry, Angel Gould",4
"Center Field Detroit offers two-day deep dive into HBCU culture and majorette movement","Aug 07, 2025 01:33 AM",18-24,"Arts & Entertainment, Hobbies & Leisure, People & Society, Sports, Education","HBCU, Culture, Majorette, Movement",Female,us,"HBCU, Majorette, Detroit",Happiness,N/A,4
"One woman in DPS paving the way for women and young girls in sports","Aug 07, 2025 01:16 AM",25-34,"Sports, Education, Health & Fitness, People & Society, Business & Industrial","Women in Sports, Leadership, Empowerment, Female Athletes",Female,us,"Denver Public Schools, Women in Sports Leadership program, Girls in the Game",Happiness,"Beth Hulac, Romi Bean, Jasmine Arenas",4
"Indiana's new ""Speedway Slammer"" ICE detention center draws backlash","Aug 07, 2025 12:56 AM",25-34,"Business & Industrial, Law & Government, News, People & Society, Politics","Immigration, Detention Center, Trump Administration, Indiana",Male,us,"Indiana, Immigration Detention Center, Trump Administration",Anger,"Kristi Noem, Tom Homan, Mike Braun",4
"Auditorium Theatre restoration uncovers historical treasure trove","Aug 07, 2025 12:56 AM",35-44,"Arts & Entertainment, Hobbies & Leisure, Home & Garden, News, People & Society","Restoration, History, Theatre, Chicago",Male,us,"Auditorium Theatre, Chicago Herald, Ballet Russe",Happiness,"Rich Regan",4
"Chicago Cubs are hosting Oktoberfest at Wrigley Field","Aug 07, 2025 12:56 AM",25-34,"Arts & Entertainment, Food & Drink, Sports, Hobbies & Leisure, People & Society","Oktoberfest, Chicago Cubs, Wrigley Field, Event",Female,us,"Chicago Cubs, Oktoberfest, Wrigley Field, Toyota Camry lot",Happiness,"Sara Tenenbaum",4
"Beverly named ""hottest"" ZIP code for home buyers in U.S.","Aug 07, 2025 12:53 AM",25-34,"Real Estate, Business & Industrial, People & Society, News, Travel","Real Estate, Housing Market, Massachusetts, Beverly",Female,us,"Beverly, Massachusetts, Realtor.com, housing market",Anticipation,"Donna Brady, Deborah Gardner Walker, Sal Dimercurio, Samantha Chaney",4
"Baltimore organizations try to keep the momentum going with overdose prevention","Aug 06, 2025 11:25 PM",25-34,"Health & Fitness, People & Society, News, Hobbies & Leisure, Business & Industrial","Overdose Prevention, Harm Reduction, Community Support, Drug Abuse",Female,us,"Pride Center of Maryland, Narcan, drug abuse resources",Empathy,"Jerome Scott, Jessica Collins",4
"Trump announces 100% tariff on semiconductors made outside the US in potential blow to domestic businesses","Aug 06, 2025 10:57 PM",35-44,"Business & Industrial, Finance, News, Technology, Law & Government","Tariff, Semiconductor, Trump, Economy",Male,us,"Tariff, Semiconductor, US Manufacturing",Anticipation,"Donald Trump, Tim Cook",4
"Don Jr.’s Ex-Mistress Weighs In on Fox’s Weird Sydney Sweeney-Barron Trump Fantasy","Aug 06, 2025 10:11 PM",25-34,"Arts & Entertainment, News, People & Society, Sports, Lifestyle & Hobbies","Celebrity, Politics",Female,us,"Fox News, Sydney Sweeney, Don Jr., Barron Trump",Surprise,"Sydney Sweeney, Don Jr., Barron Trump",4
"This is The Real Danger to Journalists In the West Wing","Aug 06, 2025 10:11 PM",25-34,"News, People & Society, Law & Government, Business & Industrial, Arts & Entertainment","Journalism, Politics, Media, Freedom of Speech",Male,us,"Journalism, West Wing, Freedom of Speech",Fear,"John Doe, Jane Smith",4
"Laura Loomer Reveals White House Clout Has Earned Her a New Nickname","Aug 06, 2025 10:11 PM",25-34,"Arts & Entertainment, News, People & Society, Politics, Lifestyle & Hobbies","Politics, Celebrity, Interview",Female,us,"White House, Laura Loomer, Politics",Anticipation,"Laura Loomer",4
"Harmar Township residents concerned about lack of fire hydrants","Aug 06, 2025 10:01 PM",25-34,"News, People & Society, Health & Fitness, Home & Garden, Law & Government","Fire Safety, Community Concerns, Local News, Emergency Services",Female,us,"Harmar Township, Fire Department, Emergency Services",Fear,"Christy Gaul, Evergreen Werner Hancock",4
"Over 9,000 San Fernando Valley customers face water outage as LADWP crews repair infrastructure","Aug 06, 2025 09:37 PM",25-34,"News, People & Society, Business & Industrial, Health & Fitness, Home & Garden","Water Outage, Infrastructure, Emergency Repair, LADWP",Female,us,"Los Angeles Department of Water and Power, Granada Hills, Porter Ranch",Concern,"Julie Sharp",4
"Metro LA to release limited-edition Nipsey Hussle TAP cards","Aug 06, 2025 09:37 PM",18-24,"Arts & Entertainment, People & Society, News, Sports, Hobbies & Leisure","Nipsey Hussle, TAP cards, Metro Los Angeles, Community Activism",Female,us,"Nipsey Hussle, Metro Los Angeles, Hyde Park Station",Happiness,"Nipsey Hussle, Chelsea Hylton",4
"Chicago hit by 1,000-year and 500-year floods less than three weeks apart","Aug 06, 2025 08:55 PM",25-34,"News, Science, Health & Fitness, Environment, People & Society","Climate Change, Weather, Flooding, Chicago",Male,us,"Chicago, National Weather Service, climate change",Concern,"Scott Lincoln",4
"Large police response reported at Mariano's in Western Springs, Illinois","Aug 06, 2025 08:55 PM",25-34,"News, People & Society, Law & Government, Health & Fitness, Sports","Breaking News, Police Response, Western Springs",Female,us,"Mariano's, Western Springs Police Department, CBS News Chicago",Anticipation,Elyssa,4
"Study in mice shows lithium could help treat Alzheimer's, Harvard team finds","Aug 06, 2025 08:52 PM",35-44,"Health & Fitness, Science, News, People & Society, Business & Industrial","Alzheimer's, Research, Lithium, Harvard",Female,us,"Alzheimer's disease, Harvard Medical School, lithium",Anticipation,"Dr. Bruce Yankner, Victoria D.",4
"Dangerous heat returns to North Texas, prompting a heat advisory to end the week","Aug 07, 2025 03:34 PM",25-34,"News, Health & Fitness, Science, Lifestyle & Hobbies, Travel","Weather, Heat Advisory, North Texas, Safety",Female,us,"North Texas, Weather, Heat Advisory",Anticipation,Brittany,5
"Trump to meet Putin &#8216;in coming days&#8217; with venue to be announced later, Kremlin says","Aug 07, 2025 10:58 AM",25-34,"News, Politics, Business & Industrial, People & Society, Health & Fitness","Trump, Putin, Ukraine, Summit",Male,us,"Trump, Putin, Ukraine, negotiations",Anticipation,"Vladimir Putin, Donald Trump, Volodymyr Zelensky",5
"Petition seeks to name Minn. State Office Building after Rep. Hortman","Aug 07, 2025 05:48 AM",25-34,"People & Society, Law & Government, News, Arts & Entertainment, Hobbies & Leisure","Petition, Melissa Hortman, Minnesota, Memorial",Female,us,"Minnesota State Office Building, Petition, Education Funding",Empathy,"Melissa Hortman, Jodi Anderson-Wolhaupter, John Wolhaupter, Ubah Ali",5
"Filmmakers, SF Japantown museum reflect on 80-years since first Atomic Bomb","Aug 07, 2025 04:42 AM",25-34,"Arts & Entertainment, News, People & Society, Science, History","Documentary, Atomic Bomb, History, World War II",Female,us,"Atomic Echoes, National Japanese American Historical Society, Hiroshima, Nagasaki",Empathy,"Rosalyn Tonai, Victoria Kelly, Karin Tanabe, Jack Dairiki",5
"Hiker stranded at &#8216;center of landslide&#8217; in Italian Dolomites rescued by helicopter &#8212; and hit with $16K bill after ignoring warnings","Aug 07, 2025 02:09 AM",35-44,"Health & Fitness, News, Travel, Sports, People & Society","Rescue, Hiking, Safety, Italy",Male,us,"Italian Dolomites, Helicopter Rescue, Emergency Services",Fear,CNSAS,5
"In Brooklyn, doulas work to change Black maternal health outcomes","Aug 07, 2025 01:49 AM",25-34,"Health & Fitness, People & Society, News, Business & Industrial, Hobbies & Leisure","Maternal Health, Doula Services, Community Support, Black Women",Female,us,"Caribbean Women's Health Association, Doula Services, Maternal Health",Empathy,"Ana Nunez, Cristian Avila, Raven Lopez, Reshonah Williams, Dadreama Sandiford, Cheryl Hall, Marlyn Williams",5
"Minneapolis fire stations install saunas for their crews","Aug 07, 2025 01:48 AM",35-44,"Health & Fitness, Business & Industrial, News, People & Society, Lifestyle & Hobbies","Health, Firefighters, Saunas, Occupational Safety",Male,us,"Minneapolis Fire Department, Minneapolis Fire Foundation, cancer",Empathy,"Steve Shapira, CJ Schertner, Joe Van Ryn",5
"Who's America's Favorite Couple? A Baltimore pair is in the running.","Aug 06, 2025 11:25 PM",25-34,"Arts & Entertainment, People & Society, Lifestyle & Hobbies, News, Health & Fitness","Love, Contest, Marriage, Transgender",Female,us,"America's Favorite Couple, Contest, Love",Happiness,"Devon Ojeda, Caius Willingham",5
"Kathy Hochul &#8216;willing&#8217; to consider &#8216;Raise the Age&#8217; reforms as she takes victory lap on discovery tweaks","Aug 06, 2025 10:57 PM",25-34,"News, Politics, Business & Industrial, People & Society, Law & Government","Kathy Hochul, Raise the Age, Criminal Justice, New York",Female,us,"Kathy Hochul, Raise the Age, New York, criminal justice",Anticipation,"Kathy Hochul, Andrew Cuomo, Alvin Bragg, Darcel Clark, Eric Gonzalez, Melinda Katz, Michael McMahon, Kathy Sheehan, Brendan Cox, Lee Kindlon",5
"Here’s What the Trump Administration Should Be Renaming Next","Aug 06, 2025 10:11 PM",35-44,"Business & Industrial, Law & Government, News, Politics, People & Society","Politics, Government, Administration, Trump",Male,us,"Trump Administration, Government Policy, Renaming",Anticipation,"Donald Trump, Mike Pence",5
"Philadelphia International Airport gears up for a busy travel year ahead in 2026","Aug 06, 2025 09:56 PM",25-34,"Travel, Business & Industrial, News, People & Society, Health & Fitness","Travel, Airport, Philadelphia, 2026",Female,us,"Philadelphia International Airport, Travel, Leah Douglas",Anticipation,"Leah Douglas, Austin Brito-Quinones, Nikki DeMentri",5
"How to choose the right storm shutters this hurricane season","Aug 06, 2025 09:40 PM",35-44,"Home & Garden, Business & Industrial, Health & Fitness, News, Lifestyle & Hobbies","Hurricane Preparedness, Home Safety, Storm Shutters, South Florida",Male,us,"storm shutters, hurricane season, Miami-Dade, Broward County",Anticipation,"Mauricio Maldonado",5
"Trump Rants About Countries Laughing at America in All-Caps Late-Night Meltdown","Aug 07, 2025 02:14 PM",35-44,"News, Politics, People & Society, Arts & Entertainment, Business & Industrial","Politics, Trump, Meltdown, News",Male,us,"Donald Trump, America, Late-night TV",Anger,"Donald Trump",6
"Trump, 79, Fails to Find People Standing Feet Away From Him: ‘Right Behind You’","Aug 07, 2025 02:14 PM",45-54,"News, People & Society, Politics, Arts & Entertainment, Sports","Politics, News, Trump, Public Speaking",Male,us,"Donald Trump, Politics, Public Speaking",Surprise,"Donald Trump",6
"Nearly a dozen rescued after boat starts to sink in Brooklyn","Aug 07, 2025 01:51 PM",25-34,"News, People & Society, Health & Fitness, Arts & Entertainment, Sports","Rescue, Brooklyn, Boat Incident, Emergency",Female,us,"Brooklyn, NYPD, FDNY, Sheepshead Bay",Anticipation,"Renee Anderson",6
"Pembroke Pines honors plane crash heroes, demands safety study for North Perry Airport","Aug 07, 2025 05:41 AM",25-34,"News, People & Society, Health & Fitness, Business & Industrial, Travel","Safety, Aviation, Community, Heroism",Female,us,"North Perry Airport, Pembroke Pines, Broward County",Anticipation,"Eddy Crispin, Megan Bishop, Thomas Good Jr., Angelo Castillo, Anna McAllister",6
"Toms River bans sleeping in municipal lot to address homelessness concerns","Aug 07, 2025 01:49 AM",25-34,"News, People & Society, Law & Government, Health & Fitness, Business & Industrial","Homelessness, Local Government, Community Issues, Public Safety",Female,us,"Toms River, New Jersey, Monarch Housing Associates",Empathy,"Daniel Rodrick, Taiisa Kelly, Carol Allan, Alex van Haak, Christine Sloan",6
"Housing advocates cheer repeal of Denver parking minimum requirements","Aug 07, 2025 01:16 AM",25-34,"Business & Industrial, Home & Garden, News, People & Society, Real Estate","Housing, Urban Development, City Council, Affordable Housing",Female,us,"Denver, City Council, Affordable Housing, Southwest Energy Efficiency Project",Happiness,"Caroline Leland, Chris Hinds, Andrew Haubner",6
"Controlling the back-to-school chaos: How parents can own the morning as school approaches","Aug 07, 2025 02:03 PM",25-34,"Health & Fitness, Hobbies & Leisure, Parenting, Education, Lifestyle & Hobbies","Back-to-School, Parenting, Morning Routine, Family",Female,us,"Parenting, Morning Routine, Meal Prep",Empathy,"Ashley Rusnic",7
"Trump Twists the Knife as Howard Stern Cancellation Rumors Swirl","Aug 07, 2025 10:13 AM",35-44,"Arts & Entertainment, News, People & Society, Sports, Business & Industrial","Politics, Celebrity, Media, Controversy",Male,us,"Howard Stern, Donald Trump, Media",Anticipation,"Howard Stern, Donald Trump",7
"U.S. Department of Health and Human Services slashes funding for MRNA vaccine","Aug 07, 2025 01:36 PM",25-34,"Health & Fitness, News, Business & Industrial, Science, Politics","Health, Vaccine, Funding, Government",Male,us,"U.S. Department of Health and Human Services, MRNA vaccine, funding",Anger,"Xavier Becerra, Anthony Fauci",8
"Colorado veteran says dog saved his life while he was sleeping","Aug 07, 2025 01:18 PM",35-44,"Health & Fitness, People & Society, Pets & Animals, News, Hobbies & Leisure","Service Dog, PTSD, Veteran, Health",Male,us,"Service Dog, PTSD, Hank Ford",Happiness,"Hank Ford, Tommy",8
"Mamdani&#8217;s vow to declare war on charter schools if elected NYC mayor sparks outrage","Aug 07, 2025 02:57 AM",25-34,"Education, Politics, News, People & Society, Business & Industrial","Charter Schools, Education Policy, NYC Mayor, Zohran Mamdani",Male,us,"Charter Schools, Education, NYC Mayor, Zohran Mamdani",Anger,"Zohran Mamdani, Arlene Rosado, Raymond Rivera, James Merriman, Arthur Samuels",8
"Penn doctor calls RFK Jr.'s cuts to mRNA vaccine research bad for science","Aug 07, 2025 01:56 AM",35-44,"Health & Fitness, News, Science, Business & Industrial, People & Society","Health, Vaccine Research, mRNA, Science",Male,us,"mRNA technology, COVID-19 vaccines, American Medical Association, University of Pennsylvania",Anticipation,"Robert F. Kennedy Jr., Dr. Bobby Mukkamala, Dr. Scott Hensley, Dr. Drew Weissman, Stephanie Stahl",8
"Wildfires fueling poor air quality in Michigan expected to stop once snow falls","Aug 07, 2025 01:33 AM",25-34,"News, Health & Fitness, Environment, Science, Weather","Wildfires, Air Quality, Michigan, Weather",Male,us,"Wildfires, Michigan, Air Quality",Concern,"Governor Whitmer, Environmental Protection Agency",8
"Chris Cuomo Gives AOC Bizarre Non-Apology After Falling for Sydney Sweeney Deepfake","Aug 07, 2025 10:13 AM",25-34,"Arts & Entertainment, News, People & Society, Politics, Technology","Politics, Media, Celebrity, Controversy",Male,us,"Chris Cuomo, Alexandria Ocasio-Cortez, Sydney Sweeney",Surprise,"Chris Cuomo, Alexandria Ocasio-Cortez, Sydney Sweeney",9
"United ground stop lifted; residual delays for flights at multiple airports","Aug 07, 2025 04:42 AM",25-34,"News, Business & Industrial, Travel, Health & Fitness, People & Society","United Airlines, Flight Delays, Technology Issue, Chicago",Male,us,"United Airlines, Chicago O'Hare International Airport, Federal Aviation Administration",Anticipation,"Sean Duffy, Scott Kirby, Kris Van Cleave, Sara Tenenbaum",9
"Sacramento family faces $800 in damages after 12-year-old kicks in door in possible TikTok challenge","Aug 07, 2025 06:06 AM",25-34,"Arts & Entertainment, Business & Industrial, Health & Fitness, News, People & Society","Vandalism, TikTok Challenge, Sacramento, Family",Female,us,"Sacramento, TikTok, Vandalism",Fear,"Jennifer Farias",10
"Richmond elementary school being rebuilt after lead paint, asbestos detected","Aug 07, 2025 04:42 AM",25-34,"Education, News, People & Society, Health & Fitness, Business & Industrial","School Rebuild, Community Advocacy, Education Reform, Asbestos",Female,us,"Stege Elementary, Richmond, Education, Community",Anticipation,"Lakisha Mitchell-Keith, Don Gosney, Guadalupe Enllana",10
"Trump Says He’s Calling Musk’s ‘Big Balls’ After Bloody Attack","Aug 07, 2025 06:12 AM",25-34,"News, Politics, People & Society, Business & Industrial, Sports","Politics, News, Trump, Attack",Male,us,"Donald Trump, Politics, Attack",Anger,"Donald Trump",11
"ICE Barbie Now Begging Teenagers to Become Agents","Aug 07, 2025 02:12 AM",18-24,"Arts & Entertainment, Business & Industrial, Health & Fitness, News, Sports","NSFW, Celebrity, Interview, Bob Sinclair",Female,us,"ICE, Teenagers, Agents",Anticipation,Barbie,12
"Building catches fire on Chicago's North Side","Aug 07, 2025 12:59 PM",25-34,"News, People & Society, Health & Fitness, Arts & Entertainment, Business & Industrial","Breaking News, Fire, Chicago, West Ridge",Female,us,"Chicago, Fire, West Ridge",Anticipation,Elyssa,13
"Trump Blasts Musk’s ‘Really Bad Moment’ After Humiliating Unpopularity Poll","Aug 07, 2025 10:13 AM",35-44,"News, Business & Industrial, People & Society, Technology, Politics","Politics, Technology, Business, Poll",Male,us,"Donald Trump, Elon Musk, popularity poll",Anger,"Donald Trump, Elon Musk",13
"Billionaire Apple CEO Tim Cook Sucks Up to Trump With Tacky Gold Gift","Aug 07, 2025 06:12 AM",25-34,"Arts & Entertainment, Business & Industrial, News, People & Society, Technology","Business, Politics, Technology, Celebrity",Male,us,"Apple, Tim Cook, Donald Trump",Anger,"Tim Cook, Donald Trump",13
"This car tops the chart of most-stolen vehicles","Aug 07, 2025 05:39 AM",25-34,"Autos & Vehicles, Business & Industrial, News, Technology, Lifestyle & Hobbies","Vehicle Theft, Chevrolet Camaro, Auto Security, HLDI",Male,us,"Chevrolet Camaro ZL1, Highway Loss Data Institute, General Motors",Surprise,"Matt Moore, Megan Cerullo",14
"Riverdale Animal Shelter sees increase in donations following animal rescue","Aug 06, 2025 09:15 PM",25-34,"Pets & Animals, Hobbies & Leisure, People & Society, Health & Fitness, News","Animal Rescue, Community Support, Adoption, Donations",Female,us,"Riverdale Animal Shelter, Northglenn Police Department, animal abuse",Happiness,"Tabitha Gormley, Chyann Warme, Gabriela Vidal",16
"Republican Posts Pictures of Naked Man in a Ski Mask in Unhinged Feud Against Rival Congressman","Aug 07, 2025 02:14 PM",25-34,"Arts & Entertainment, Business & Industrial, News, Politics, People & Society","Politics, Controversy, Social Media",Male,us,"Politics, Social Media, Congressman",Anger,"Congressman, Republican",17
"5 soldiers wounded in mass at Fort Stewart","Aug 07, 2025 01:33 AM",25-34,"News, Health & Fitness, People & Society, Sports, Law & Government","Military, Injury, Fort Stewart",Male,us,"Fort Stewart, Military, Soldiers",Fear,"John Doe, Jane Smith",17
"Pedestrian hit, seriously injured by e-bike near Copley Square","Aug 06, 2025 08:52 PM",25-34,"News, Health & Fitness, People & Society, Business & Industrial, Sports","Accident, E-bike, Boston, Injury",Male,us,"Copley Square, Boston, e-bike",Fear,"Victoria D.",17
"2 teens injured in electric scooter accident in Delco, police say","Aug 07, 2025 01:56 AM",0-17,"News, Health & Fitness, People & Society, Sports, Law & Government","Accident, Electric Scooter, Safety, Injury",Male,us,"Electric Scooter, Pickup Truck, Springfield Township Police Department",Fear,"Tim Kearney, Tom Ignudo",18
"Mom honors slain son's legacy, announces foundation in his name during Miami memorial","Aug 06, 2025 09:40 PM",25-34,"Arts & Entertainment, People & Society, Health & Fitness, News, Hobbies & Leisure","Memorial, Foundation, Scholarship, Community",Female,us,"Dominic Paul Maron Ferrell Foundation, Miami, Sts. Peter and Paul Catholic School",Empathy,"Christine Maron, Dominic Ferrell, Kyrill Kehl",18
"NY POSTcast Daily Debrief: Trump plans Putin, Zelensky meeting, mysterious Montauk designer death and Elon&#8217;s &#8216;spicy&#8217; chatbot","Aug 07, 2025 02:59 PM",25-34,"News, Business & Industrial, Arts & Entertainment, Politics, Health & Fitness","Podcast, News, Politics, Technology",Male,us,"Trump, Putin, Zelensky, Martha Nolan, Elon Musk",Anticipation,"Martha Nolan, Caitlyn Becker, Elon Musk",19
"Two teens recovering after hit by vehicle in Lincoln Park, Michigan","Aug 07, 2025 05:34 AM",0-17,"News, Health & Fitness, People & Society, Sports, Autos & Vehicles","Accident, Recovery, Teenagers",Male,us,"Lincoln Park, Michigan, Vehicle, Teens",Empathy,N/A,19
"A little more sunshine expected across Maryland Thursday","Aug 07, 2025 03:25 AM",25-34,"News, Health & Fitness, Lifestyle & Hobbies, Travel, Sports","Weather, Maryland, Forecast, Meteorology",Male,us,"Maryland, Weather, Ravens Pre-Season Game",Anticipation,"Derek Beasley",19
"Deranged MAGA Civil War Erupts Over Engagement Ring Size","Aug 07, 2025 02:12 AM",25-34,"Arts & Entertainment, Business & Industrial, News, People & Society, Lifestyle & Hobbies","Politics, Engagement, Controversy, MAGA",Male,us,"MAGA, Engagement Ring, Civil War",Anticipation,"Donald Trump, Marjorie Taylor Greene",21
"Ukrainian artist's Dallas exhibit blends beauty, resilience","Aug 07, 2025 07:32 AM",25-34,"Arts & Entertainment, People & Society, News, Hobbies & Leisure, Health & Fitness","Art, Culture, Resilience, Ukraine",Female,us,"Petrykivka, Dallas City Hall, Uniting for Ukraine",Empathy,"Hanna Chekodanova, Chrystya Geremesz, Erin Jones",22
"Two kids struck by vehicle while crossing street in Lincoln Park","Aug 07, 2025 01:33 AM",0-17,"News, People & Society, Health & Fitness, Law & Government, Sports","Accident, Safety, Community, Children",Male,us,"Lincoln Park, Accident, Children",Fear,N/A,27
"Former site of Springdale power plant could become high-tech AI data center","Aug 07, 2025 06:02 AM",25-34,"Business & Industrial, Computers & Electronics, Health & Fitness, News, Technology","Data Center, Technology, AI, Economic Development",Male,us,"Springdale, Cheswick Generating Station, AI data center",Anticipation,"Brian Regli",30
"Israeli military chief opposes Netanyahu&#8217;s plan to occupy Gaza","Aug 06, 2025 10:08 PM",25-34,"News, Politics, People & Society, Law & Government, Business & Industrial","Israel, Gaza, Netanyahu, Military",Male,us,"Israel Defense Forces, Hamas, Gaza Strip",Anticipation,"Benjamin Netanyahu, Eyal Zamir, Yair Lapid",30
"Cuomo is the butt of more jokes after resharing tweet from &#8216;Andrew Cuomo is a sex pest&#8217; X account","Aug 07, 2025 02:59 PM",25-34,"Arts & Entertainment, News, People & Society, Politics, Humor","Politics, Social Media, Mockery, Andrew Cuomo",Male,us,"Andrew Cuomo, X account, Statue of Liberty",Happiness,"Andrew Cuomo, Rich Azzopardi",33
"JD Vance’s Team Had Water Level Raised in Ohio River for Family Boat Trip","Aug 07, 2025 06:12 AM",25-34,"Arts & Entertainment, Hobbies & Leisure, People & Society, Travel, Sports","Family, Travel, Adventure, Ohio",Male,us,"Family, Boat Trip, Ohio",Surprise,Vance,33
"NYC influencer dead at 20, cause of death revealed","Aug 07, 2025 10:58 AM",18-24,"Arts & Entertainment, People & Society, Health & Fitness, News, Lifestyle & Hobbies","Tribute, Influencer, Mental Health, Music",Female,us,"Chase Filandro, TikTok, National Parks",Sadness,"Chase Filandro, Francesca Ford",35
"Student loan borrowers in Maryland eligible for up to $5,000 in relief","Aug 07, 2025 03:25 AM",25-34,"Business & Industrial, Education, Finance, News, People & Society","Student Loans, Tax Credit, Maryland, Financial Relief",Female,us,"Maryland Higher Education Commission, Student Loan Debt Relief Tax Credit, Maryland General Assembly",Happiness,"Kristin Clarkson",38
"Court hearing in Ashley Elkins case; two kids struck by vehicle in Lincoln Park; other top stories","Aug 07, 2025 01:36 PM",25-34,"News, Health & Fitness, People & Society, Sports, Business & Industrial","Court Hearing, Accident, Lincoln Park, Top Stories",Male,us,"Court Hearing, Vehicle Accident, Lincoln Park",Anticipation,"Ashley Elkins",46
"AMBER Alert issued for missing 3-week-old Dior Gooch","Aug 06, 2025 09:47 PM",25-34,"News, People & Society, Law & Government, Health & Fitness, Hobbies & Leisure","AMBER Alert, Missing Person, Columbia Heights, Police",Female,us,"AMBER Alert, Columbia Heights, Dior Gooch",Fear,"Aki Nace",46
"Man injured after being caught in crossfire on Chicago's South Side","Aug 07, 2025 12:59 PM",25-34,"News, People & Society, Health & Fitness, Law & Government, Sports","Crime, Shooting, Chicago, News",Male,us,"Chicago, Police, Hospital",Fear,Elyssa,47
"Robinson Township officer charged in alleged road rage incident","Aug 06, 2025 10:01 PM",25-34,"News, Law & Government, People & Society, Health & Fitness, Sports","Road Rage, Police Incident, Assault, Legal",Male,us,"Robinson Township, Police Officer, Road Rage Incident",Anger,"Steve Pies, Al Cannella, Blaine Jones, Jennifer Borrasso",47
"Judge blocks all radioactive waste dumping at Wayne County facility","Aug 07, 2025 05:34 AM",35-44,"News, Law & Government, Science, Business & Industrial, Health & Fitness","Legal, Environment, Waste Management, Government",Male,us,"Wayne County, Radioactive Waste, Legal Ruling",Trust,"Judge, Wayne County Officials",49
"Amber Alert issued for 3-year-old boy last seen in LA County","Aug 07, 2025 01:38 AM",25-34,"News, People & Society, Law & Government, Health & Fitness, Arts & Entertainment","Amber Alert, Child Safety, Los Angeles, Breaking News",Male,us,"Amber Alert, Los Angeles County, California Highway Patrol",Concern,"Tyshawn Tucker, Ervin Tucker Jr., Matthew Rodriguez",50
"Florida utility company seeks record $10 billion rate hike","Aug 07, 2025 01:41 AM",25-34,"Business & Industrial, Finance, News, People & Society, Law & Government","Utility Rates, Florida, Energy, Regulation",Male,us,"Florida Power & Light, Florida Public Service Commission, NextEra Energy",Anticipation,"Brooke Ward, Mark Wolfe, Ina Laney, Daniel Lawton",51
"Another Alligator Alcatraz? Florida plans on building a second immigration detention center","Aug 06, 2025 09:40 PM",25-34,"News, Law & Government, People & Society, Business & Industrial, Health & Fitness","Immigration, Detention Centers, Florida, Ron DeSantis",Male,us,"Florida, Immigration Detention Center, Alligator Alcatraz, Camp Blanding",Anger,"Ron DeSantis, Donald Trump, Kristi Noem, Kevin Guthrie, Kate Payne",54
"""Technology disruption"" leads to pause on departing United flights to Denver","Aug 07, 2025 05:17 AM",25-34,"Business & Industrial, Computers & Electronics, News, Travel, Transportation","Technology, Airlines, Flight Delays, United Airlines",Male,us,"United Airlines, Denver International Airport, FAA",Anticipation,"Jesse Sarles",55
"Northern California's Plumas Lake community breaks ground on 1st grocery store","Aug 07, 2025 02:05 AM",25-34,"Business & Industrial, Food & Drink, Health & Fitness, People & Society, News","Community Development, Grocery Store, Food Desert, Plumas Lake",Female,us,"Plumas Lake, Holiday Market, North State Grocery",Happiness,"Gary Bradford, Brad Askeland",58
"When their L.A. home burned down, they packed an RV and headed across America","Aug 07, 2025 01:38 AM",35-44,"Arts & Entertainment, Hobbies & Leisure, People & Society, Travel, Health & Fitness","Human Interest, Adventure, Community, Healing",Female,us,"Palisades Fire, Los Angeles, RV, CBS News",Happiness,"David Israel, Jacquie Israel, Orly Israel, Maurice DuBois",63
"FBI will help track down Texas Democrats who left state, Sen. John Cornyn says","Aug 07, 2025 03:34 PM",25-34,"News, Politics, Business & Industrial, People & Society, Law & Government","Politics, Law, Texas, Congressional Redistricting",Male,us,"Texas Democrats, FBI, John Cornyn, Greg Abbott",Anger,"Kash Patel, Greg Abbott, Beto O'Rourke, Gene Wu",65
"Vance Boelter expected to reveal plea in federal hearing","Aug 07, 2025 01:50 PM",25-34,"News, Law & Government, People & Society, Crime, Politics","Crime, Politics, Law, Shooting",Male,us,"Minnesota, Shooting, Lawmaker, Crime",Fear,"Melissa Hortman, John Hoffman, Vance Boelter, Manny Atwal",66
"France strips residency from &#8216;indecent and pathetic&#8217; man who lit cigarette at war memorial","Aug 07, 2025 10:10 AM",25-34,"News, People & Society, Law & Government, Arts & Entertainment, Travel","Incident, War Memorial, Residency, Outrage",Male,fr,"Arc de Triomphe, Tomb of the Unknown Soldier, France",Anger,"Bruno Retailleau, Patricia Miralles",67
"Minnesota man gets 28 years for $48 million food fraud COVID-era scandal","Aug 07, 2025 02:57 AM",35-44,"Business & Industrial, Finance, Law & Government, News, People & Society","Fraud, Legal, COVID-19, Sentencing",Male,us,"Feeding Our Future, Fraud Scheme, Federal Programs",Anger,"Abdiaziz Shafii Farah, Joseph Thompson",67
"NYC designer was an Irish immigrant with an inspiring rags-to-riches story before her untimely death on a Montauk boat","Aug 07, 2025 02:57 AM",25-34,"Arts & Entertainment, Business & Industrial, Health & Fitness, News, People & Society","Entrepreneurship, Fashion, Tragedy, Immigrant Story",Female,us,"Martha Nolan, East x East, Montauk Yacht Club, Gurney's",Sadness,"Martha Nolan-O'Slatarra, Dylan Grace",71
"Five best friends headed on birthday trip killed when SUV slams head-on into their car","Aug 07, 2025 02:59 PM",18-24,"Arts & Entertainment, Health & Fitness, News, People & Society, Sports","Accident, Tragedy, Friendship, Manslaughter",Female,us,"car accident, birthday trip, Texas, friendship, manslaughter",Sadness,"Thalia Salinas, Ruby Cruz, Brianna Valadez, Desiree Cervantez, Jacqueline Velazco, Kody Talley",72
"Fire at New Kensington home being investigated as suspicious","Aug 07, 2025 06:02 AM",25-34,"News, Health & Fitness, People & Society, Home & Garden, Business & Industrial","Fire Investigation, New Kensington, Emergency Services, Community",Male,us,"New Kensington, Westmoreland County, Pennsylvania State Police",Anticipation,"Ed Saliba, Jessica Guay",74
"Out-of-control driver accused of killing 4 Pepperdine University seniors appears in court after hiring Karen Read&#8217;s high-power attorney","Aug 07, 2025 02:57 AM",25-34,"News, Law & Government, People & Society, Health & Fitness, Sports","Court, Trial, Accident, Murder",Male,us,"Pepperdine University, Malibu, Court, Murder",Anticipation,"Fraser Bohm, Alan Jackson, Niamh Rolston, Peyton Stewart, Asha Weir, Deslyn Williams",80
"Fort Stewart shooting suspect sent cryptic text to aunt before horrific attack on fellow soldiers","Aug 07, 2025 02:59 PM",25-34,"News, People & Society, Law & Government, Health & Fitness, Sports","Shooting, Military, Crime, Fort Stewart",Male,us,"Fort Stewart, US Army, Shooting",Fear,"Quornelius Radford, Eddie Radford, John Lubas",82
"Boy, 11, hurt in south Sacramento shooting at Florin Road apartment complex","Aug 07, 2025 02:08 PM",0-17,"News, People & Society, Health & Fitness, Law & Government, Sports","Shooting, Crime, Sacramento, Arrest",Male,us,"Sacramento County Sheriff's Office, Florin Road, Hospital",Fear,"Roberto Rangel, Cecilio Padilla",84
"Central Texas man charged in fiery crash that killed 5 Dallas-area women","Aug 07, 2025 03:31 AM",25-34,"News, People & Society, Health & Fitness, Law & Government, Sports","Accident, Manslaughter, Tragedy, Central Texas",Female,us,"Central Texas, Burnet County, U.S. 281, Chevrolet Malibu, Mercedes SUV",Sadness,"Kody Lane Talley, Thalia Salinas, Ruby Cruz, Brianna Valadez, Desiree Cervantez, Jacqueline Velazco Ventura",86
"Trump Personally Approved Gabbard’s Epstein Distraction","Aug 06, 2025 10:11 PM",25-34,"News, Politics, People & Society, Business & Finance, Arts & Entertainment","Politics, Scandal, Media, Trump",Male,us,"Trump, Gabbard, Epstein",Anger,"Tulsi Gabbard, Donald Trump",87
"Residents ""nervous"" as wildfire comes close to town of Meeker","Aug 07, 2025 05:17 AM",25-34,"News, People & Society, Health & Fitness, Hobbies & Leisure, Travel","Wildfire, Emergency, Community, Colorado",Male,us,"Lee Fire, Meeker, Colorado, Elk Fire",Fear,"Joshua Quinn, Sue Sprod, Stanton Gould, Jared Polis",90
"Man sentenced for charges stemming to Feeding Our Future scheme","Aug 07, 2025 01:48 AM",25-34,"News, Business & Industrial, Law & Government, People & Society, Finance","Fraud, Court Case, Feeding Our Future, Bribery",Male,us,"Feeding Our Future, Fraud Scheme, U.S. Attorney, Court Documents",Anger,"Abdiaziz Farah, Joseph H. Thompson, Said Shafii Farah, Abdulkarim Shafii Farah, Abdimajid Mohamed Nur, Ladan Mohamed Ali",92
"Texas Democrat apologizes for comparing redistricting to the Holocaust","Aug 06, 2025 10:57 PM",35-44,"News, Politics, People & Society, Business & Industrial, Law & Government","Redistricting, Apology, Political Commentary, Texas",Female,us,"Texas Democrats, Redistricting Proposal, The Don Lemon Show",Anticipation,"Jolanda Jones, Greg Abbott, Andrew Mahaleris, John Cornyn",94
"Suspect in deadly fight at Folsom bar arrested for manslaughter, police say","Aug 06, 2025 10:04 PM",25-34,"News, People & Society, Law & Government, Health & Fitness, Sports","Crime, Arrest, Manslaughter, Folsom",Male,us,"Folsom Police Department, Sacramento County Jail, Folsom State Slickers",Anger,"Dylan Pierce, Brandon Downs",96
"Trump Makes JD Vance Awkwardly Deny Secret Epstein Crisis Talks","Aug 07, 2025 02:12 AM",25-34,"News, Politics, People & Society, Business & Industrial, Entertainment","Politics, Scandal, Interview",Male,us,"Donald Trump, J.D. Vance, Epstein",Anticipation,"Donald Trump, J.D. Vance",105
"Hackers Clown Trump Education Secretary With ‘Curb Your Enthusiasm’ Music and ‘Corrupt Billionaire’ Heckles","Aug 07, 2025 02:14 PM",25-34,"Arts & Entertainment, Business & Industrial, News, People & Society, Politics","Politics, Education, Humor, Technology",Male,us,"Hackers, Trump, Education Secretary",Happiness,"Larry David, Betsy DeVos",106
"2 people killed in shooting at Long Beach homeless encampment","Aug 07, 2025 09:40 AM",25-34,"News, People & Society, Health & Fitness, Law & Government, Sports","Crime, Breaking News",Male,us,"Long Beach, California Highway Patrol, homeless encampment",Fear,"Matthew Rodriguez",107
"Security changes made for Minnesota Capitol building","Aug 07, 2025 01:48 AM",25-34,"Law & Government, News, People & Society, Business & Industrial, Health & Fitness","Security, Public Safety, Government, Minnesota",Male,us,"Minnesota Capitol, Department of Public Safety, State Patrol",Anticipation,"Bob Jacobsen, Jeremy Geiger, Sergio Comcepcion, Steven Bloomfield, Caroline Cummings",107
"Displaced tenants sue North Texas apartments over fire, demand accountability","Aug 07, 2025 03:31 AM",25-34,"News, People & Society, Law & Government, Business & Industrial, Health & Fitness","Lawsuit, Fire, Accountability, Tenant Rights",Female,us,"The Cooper Apartments, Lawsuit, Fire, Negligence",Anger,"Amy Ngo, Alexandrea Carrera, Matthew Plant, Zaire Harris, Katie Steele, Sam Russell, Ernesto Almazan",108
"Rash of car thefts under investigation in Arlington Heights","Aug 06, 2025 08:55 PM",25-34,"Autos & Vehicles, News, People & Society, Law & Government, Crime","Car Theft, Arlington Heights, Police Investigation",Male,us,"Arlington Heights, Hyundai, Police",Fear,"Sara Tenenbaum",108
"Texas soldier, 22, arrested after allegedly passing sensitive US battle tank info to Russia: feds","Aug 07, 2025 06:58 AM",18-24,"News, Law & Government, People & Society, Business & Industrial, Science","Military, Espionage, Arrest, National Security",Male,us,"US Army, Russian Ministry of Defense, M1A2 Abrams tank",Fear,"Taylor Adam Lee, Sean F. Stinchon",111
"Maniac stabs stranger in NYC subway station &#8212; and attacker is still on the loose: sources","Aug 06, 2025 10:57 PM",25-34,"News, People & Society, Health & Fitness, Law & Government, Crime","Crime, NYC, Subway, Attack",Female,us,"NYC Subway, Police, Victim",Fear,N/A,111
"Arrest made in hit-and-run crash that left woman dead in Hollywood","Aug 07, 2025 01:38 AM",25-34,"Arts & Entertainment, Business & Industrial, Health & Fitness, News, Sports","Crime, Hit-and-Run, Arrest, Los Angeles",Female,us,"Los Angeles, Mercedes-Benz G Wagon, LGBTQ Center",Sadness,"Erika Edwards, Davontay Robins, Yasmine Mzayek, Kris Edwards",112
"Republicans Freak Over MAGA Star’s Alleged Nude Leak Threats","Aug 07, 2025 02:14 PM",18-24,"Arts & Entertainment, News, Politics, People & Society, Sports","NSFW, Politics, Celebrity, Scandal",Male,us,"MAGA Star, Nude Leak, Republicans",Anticipation,"Donald Trump, Marjorie Taylor Greene",113
"Florida congressman accused of revenge porn threat after breakup","Aug 07, 2025 01:43 PM",25-34,"Arts & Entertainment, Business & Industrial, Health & Fitness, News, People & Society","Politics, Scandal, Allegations, Revenge Porn",Female,us,"Florida Department of Law Enforcement, Columbia County Sheriff's Office, New Smyrna Beach",Anger,"Cory Mills, Anthony Sabatini",115
"Parts of the Constitution Abruptly Disappear From Government Website","Aug 06, 2025 10:11 PM",25-34,"Law & Government, News, People & Society, Business & Industrial, Politics","Constitution, Government, Law, Politics",Male,us,"Constitution, Government, Law",Surprise,"James Madison, Thomas Jefferson",115
"North Texas lawmaker backs Gov. Greg Abbott's push to oust Democratic ""ringleader""","Aug 07, 2025 03:31 AM",25-34,"News, Law & Government, Politics, Business & Industrial, People & Society","Politics, Redistricting, Texas, Governor Abbott",Male,us,"Texas, Redistricting, Gene Wu, Greg Abbott",Anticipation,"Katrina Pierson, Gene Wu, Greg Abbott, Dustin Burrows",116
"Illegal migrants plotted brazen &#8216;robbery spree&#8217; before shooting off-duty CBP agent in NYC park: DA","Aug 06, 2025 10:57 PM",25-34,"News, Law & Government, People & Society, Crime, Health & Fitness","Crime, Immigration, Law Enforcement, Shooting",Male,us,"Customs and Border Protection, New York City, Fort Washington Park",Anger,"Miguel Francisco Mora Nunez, Christhian Aybar-Berroa, Alvin Bragg, Eric Adams, Ricky J. Patel",116
"Pennsylvania corrections officer accused of having sex with inmates","Aug 07, 2025 01:56 AM",25-34,"News, Law & Government, People & Society, Crime, Health & Fitness","Crime, Law, Investigation, Corrections",Female,us,"Pennsylvania, corrections officer, identity theft",Anger,"Kristina Miller, Dave Sunday, Madeline Bartos",117
"Hennepin County Attorney Mary Moriarty won't run for reelection","Aug 07, 2025 01:48 AM",25-34,"Law & Government, News, People & Society, Business & Industrial, Health & Fitness","Politics, Law, Criminal Justice, Hennepin County",Female,us,"Hennepin County Attorney's Office, Conviction Integrity Unit, racial discrimination investigation",Anticipation,"Mary Moriarty, Tim Walz, Keith Ellison, Marvin Haynes, Edgar Barrientos-Quintana",117
"Man arrested after firing shotgun multiple times inside Huntington Beach condo complex","Aug 07, 2025 05:39 AM",25-34,"News, Health & Fitness, People & Society, Law & Government, Sports","Crime, Arrest, Shooting, Huntington Beach",Male,us,"Huntington Beach, Police Department, Shotgun",Fear,"Dean Fioresi",119
"$10K reward offered in South Holland that killed 16-year-old boy","Aug 06, 2025 08:55 PM",18-24,"News, People & Society, Health & Fitness, Sports, Lifestyle & Hobbies","Crime, Tragedy, Community, Memorial",Female,us,"Davell Holden, South Holland, Thornwood High School",Sadness,"Angela Birts, Kay'Shaun Thomas, Shardaa Gray",122
"Mom of distressed girl who was told to &#8216;shut the f&#8211;k&#8217; up by LI fire chief breaks silence over viral video: &#8216;He failed her&#8217;","Aug 07, 2025 06:58 AM",25-34,"News, People & Society, Health & Fitness, Law & Government, Arts & Entertainment","Viral Video, Child Welfare, Emergency Services, Public Outrage",Female,us,"North Babylon Volunteer Fire Company, Emergency Services, Mental Health",Anger,"Peter Alt, Newsday, Suffolk County Police Department",123
"Man stabbed in neck during robbery in Pompano Beach, BSO says","Aug 07, 2025 01:41 AM",25-34,"News, People & Society, Health & Fitness, Law & Government, Crime","Crime, Robbery, Investigation, Community",Male,us,"Pompano Beach, Broward Sheriff's Office, Ron-Christopher Gonzales",Fear,"Ron-Christopher Gonzales, Ted Scouten, Andrew Onfroy",123
"Son fatally stabs dad — victim stumbles out of NYC building then collapses on sidewalk: cops","Aug 06, 2025 10:57 PM",25-34,"News, People & Society, Law & Government, Health & Fitness, Crime","Crime, Homicide, Law, Family",Male,us,"Harlem, NYCHA, Manhattan District Attorney",Shock,"Lamont Oliphant",124
"Man dies after being shot by police officers along Murray Avenue in Greenfield","Aug 07, 2025 06:02 AM",25-34,"News, Law & Government, People & Society, Health & Fitness, Sports","Police Shooting, Investigation, Pittsburgh, Domestic Disturbance",Male,us,"Pittsburgh Police, Allegheny County Police, Murray Avenue",Fear,"Mike Darnay",126
"Pedestrian killed, driver hospitalized in collision in Sacramento's North Natomas","Aug 07, 2025 02:05 AM",25-34,"News, People & Society, Health & Fitness, Law & Government, Sports","Accident, Sacramento, Investigation, Pedestrian",Male,us,"Sacramento, Police Department, Del Paso Road",Sadness,"Richard Ramos",126
"Fort Stewart shooting suspect in custody, 5 soldiers wounded, officials say","Aug 06, 2025 11:30 PM",25-34,"News, Health & Fitness, People & Society, Law & Government, Sports","Shooting, Military, Fort Stewart, Investigation",Male,us,"Fort Stewart, Army, Shooting, Investigation",Fear,"Quornelius Radford, John Lubas, Pete Hegseth, Brian Kemp",127
"Accused killer in Ashley Elkins case appear in court","Aug 07, 2025 05:34 AM",25-34,"News, Law & Government, People & Society, Crime, Health & Fitness","Crime, Court, Trial, Ashley Elkins",Male,us,"Court, Trial, Ashley Elkins",Anticipation,"Ashley Elkins",128
"Police investigation underway at GameStop in on Chicago's Northwest Side","Aug 07, 2025 12:59 PM",25-34,"News, Business & Industrial, Health & Fitness, Sports, Arts & Entertainment","Crime, Investigation, Breaking News",Male,us,"GameStop, Chicago, Police",Anticipation,Elyssa,131
"Two men shot overnight in North Braddock","Aug 07, 2025 10:03 AM",25-34,"News, Health & Fitness, People & Society, Law & Government, Sports","Shooting, Crime, Investigation, Allegheny County",Male,us,"North Braddock, Allegheny County Police, Turtle Creek",Fear,"Mike Darnay",131
"American man arrested, accused of attempting to enter Canada illegally","Aug 07, 2025 05:34 AM",25-34,"News, Law & Government, People & Society, Business & Industrial, Travel","Crime, Immigration",Male,us,"Canada, Immigration, Arrest",Fear,"John Doe",132
"US Attorney Jeanine Pirro backs Trump’s DC takeover threat and demand for lower prosecution age limit","Aug 07, 2025 02:57 AM",35-44,"News, Law & Government, People & Society, Politics, Business & Industrial","Politics, Crime, Law Enforcement, Trump",Female,us,"Jeanine Pirro, Trump, Washington DC, youth crime",Anger,"Jeanine Pirro, Donald Trump, Laura Ingraham",134
"No working smoke detectors found in Michigan mobile home after deadly fire, authorities say","Aug 06, 2025 09:32 PM",35-44,"News, Health & Fitness, People & Society, Law & Government, Home & Garden","Fire Safety, Tragedy, Investigation, Mobile Home",Male,us,"Michigan, Fire Department, Smoke Detectors",Sadness,"Authorities, Firefighters",134
"Former Gateway Church elders seek removal from defamation suit","Aug 07, 2025 03:31 AM",35-44,"Arts & Entertainment, Business & Industrial, Health & Fitness, News, People & Society","Defamation, Church, Lawsuit, Sexual Abuse",Male,us,"Gateway Church, Robert Morris, defamation suit",Anticipation,"Gayland Lawshe, Jeremy Carasco, Thomas Miller, Cindy Clemishire",135
"Psychologist warns of withdrawal effects of cellphone ban in Texas schools","Aug 07, 2025 03:31 AM",25-34,"Health & Fitness, News, People & Society, Education, Technology","Technology, Education, Parenting, Mental Health",Female,us,"Texas schools, nomophobia, classroom distractions, mental health",Anticipation,"Carly Decker, Stephanie Paresky, Josh Briley",139
"Rachel Morin's mother reflects 2 years after daughter was found murdered off Maryland trail","Aug 06, 2025 11:25 PM",35-44,"Arts & Entertainment, News, People & Society, Law & Government, Health & Fitness","Crime, Justice, Murder, Community",Female,us,"Rachel Morin, Harford County, Maryland",Sadness,"Patty Morin, Victor Martinez-Hernandez, Alison Healey",141
"Videos show immigration operation near Los Angeles Home Depot","Aug 06, 2025 09:37 PM",25-34,"News, Law & Government, People & Society, Business & Industrial, Health & Fitness","Immigration, Law Enforcement, Court Order, Los Angeles",Female,us,"U.S. Department of Homeland Security, Border Patrol, Home Depot",Anger,"Bill Essayli, Karen Bass, Chelsea Hylton",142
"Michigan man wanted in kidnapping of daughter taken into custody","Aug 07, 2025 01:36 PM",25-34,"News, People & Society, Law & Government, Crime, Health & Fitness","Kidnapping, Law Enforcement, Michigan, Crime",Male,us,"Kidnapping, Law Enforcement, Michigan",Fear,"Michigan Man",148
"Suspected drunk driver kills pedestrian, then tells cops it was &#8216;just a homeless person&#8217;: police","Aug 07, 2025 02:59 PM",25-34,"News, People & Society, Law & Government, Health & Fitness, Sports","Crime, DUI, Homicide, Accident",Female,us,"DUI, Homicide, Miami, Police",Anger,"Ivana Gomez, Kathryn Kipnis, Laura Adams",150
"Wheat Ridge police uses AI to assist with reports","Aug 07, 2025 01:16 AM",25-34,"Business & Industrial, Law & Government, Technology, News, Health & Fitness","AI, Law Enforcement, Technology, Police Reports",Male,us,"Wheat Ridge Police Department, AI Technology, Axon",Anticipation,"Jamie Watson, Alex Rose, Anaya Robertson",150
"Worcester store manager helps police arrest armed robbery suspect","Aug 07, 2025 12:53 AM",25-34,"News, People & Society, Law & Government, Health & Fitness, Hobbies & Leisure","Crime, Arrest, Community, Hero",Male,us,"Worcester, Price Chopper, Boston Liquor store",Trust,"Mohamed Abdel-Mawla, Liam Chagnon, Beth Germano",150
"Miss United States accuses Fla. GOP congressman of threatening to publish her nude pics, sex videos","Aug 06, 2025 10:57 PM",25-34,"Arts & Entertainment, Business & Industrial, Health & Fitness, News, People & Society","NSFW, Celebrity, Scandal",Female,us,"Miss United States, sextortion, Florida Department of Law Enforcement",Anger,"Lindsey Langston, Cory Mills, Anthony Sabatini, Sarah Raviani",152
"Five killed after cable on suspension bridge snaps in China","Aug 07, 2025 10:10 AM",25-34,"News, People & Society, Health & Fitness, Travel, Science","Accident, Investigation, Bridge Collapse",Male,cn,"Xinjiang, Suspension Bridge, Ili Kazakh Autonomous Prefecture",Sadness,"Xinhua, Reuters",157
"Neighbors of vet killed by NJ trooper ex-boyfriend heard chilling screams, gunshots: &#8216;Sounded like she was running&#8217;","Aug 06, 2025 10:57 PM",25-34,"News, People & Society, Law & Government, Health & Fitness, Arts & Entertainment","Crime, Investigation, Murder, Domestic Violence",Female,us,"New Jersey State Police, Franklin Township, Hunterdon County Prosecutor’s Office",Fear,"Dr. Lauren Semanchik, Tyler Webb, Ricardo Jorge Santos",158
"Baltimore County Police gets community input for drone response program","Aug 07, 2025 03:25 AM",25-34,"News, Law & Government, People & Society, Technology, Health & Fitness","Drone Program, Community Engagement, Police Technology, Emergency Response",Male,us,"Baltimore County Police, Drone as a First Responder program, Anne Arundel County Police Department",Anticipation,"Maj. Wes Fischer, Olivia Lomax, Paul Stifflar, Marc Limansky, Kaicey Baylor",159
"Boyfriend arrested nearly 30 years after cold case murder of Maryland cop","Aug 06, 2025 10:57 PM",35-44,"Arts & Entertainment, Business & Industrial, Health & Fitness, News, People & Society","Crime, Law, Justice, Cold Case",Female,us,"Officer Denna Campbell, Amir Jalil Ali, Montgomery County Police",Happiness,"Denna Campbell, Amir Jalil Ali, John McCarthy, Marc Yamada, Paula Hamill, Andre Wright",161
"Man charged with killing top Minnesota House Dem and her husband expected to plead not guilty","Aug 07, 2025 02:59 PM",25-34,"News, Law & Government, People & Society, Crime, Politics","Crime, Politics, Investigation, Murder",Male,us,"Vance Boelter, Minnesota House, FBI, U.S. Magistrate Judge Dulce Foster",Fear,"Melissa Hortman, Mark Hortman, John Hoffman, Yvette Hoffman",163
"Undercover BCA sting leads to 10 arrests for underage prostitution","Aug 07, 2025 01:50 PM",25-34,"News, Law & Government, People & Society, Health & Fitness, Arts & Entertainment","Crime, Human Trafficking, Law Enforcement, Minnesota",Male,us,"Minnesota Bureau of Criminal Apprehension, Ramsey County Jail, National Human Trafficking Hotline",Anger,"Drew Evans",163
"One killed, one injured in Coconut Grove shooting, Miami police say","Aug 07, 2025 05:41 AM",25-34,"News, People & Society, Law & Government, Health & Fitness, Sports","Shooting, Crime, Miami, Investigation",Male,us,"Coconut Grove, Miami, Police",Fear,"Mauricio Maldonado",163
"As Texas pushes plan to add 5 new GOP House seats, other states may follow","Aug 07, 2025 11:33 AM",25-34,"News, Politics, Business & Industrial, Law & Government, People & Society","Redistricting, GOP, Elections, Voting Rights",Male,us,"Texas, Redistricting, Voting Rights Act, California",Anticipation,"Donald Trump, Greg Abbott, Gavin Newsom, Kathy Hochul",165
"Video shows Hollywood police SUV burning in Miami-Dade","Aug 07, 2025 01:43 PM",25-34,"News, Business & Industrial, People & Society, Law & Government, Health & Fitness","Fire Incident, Police, Investigation, Emergency Response",Male,us,"Hollywood Police, Miami-Dade Fire Rescue, 911 dispatch",Anticipation,"Sergio Candido",169
"2 South Carolina deputies shot in training exercise after not testing to see if rounds were blanks","Aug 06, 2025 10:57 PM",25-34,"News, Law & Government, Health & Fitness, People & Society, Business & Industrial","Law Enforcement, Training Incident, Safety, Emergency Response",Male,us,"Greenville County Sheriff’s Office, SWAT team, training exercise",Fear,"Hobart Lewis",174
"Entire family &#8212; including kids ages 2, 5 and 12 &#8212; killed in fiery collision with wrong-way driver on highway","Aug 07, 2025 06:58 AM",25-34,"News, People & Society, Health & Fitness, Sports, Hobbies & Leisure","Tragedy, Family, Accident, Colorado",Female,us,"Car Accident, Family Tragedy, Colorado, Wrong-Way Driver",Sadness,"Andres Cabral-Banuelos, Manuel Cabral-Banuelos, Maria Cabral-Banuelos, Andrea Banuelos-Salazar, Manuel Cabral-Torres",176
"Texas legislative standoff stretches into fourth day","Aug 07, 2025 03:34 PM",25-34,"News, Politics, People & Society, Law & Government, Business & Industrial","Texas, Legislation, Democrats, Redistricting",Male,us,"Texas House, Voting Rights Act, Political Action Committee",Anticipation,"Greg Abbott, Beto O'Rourke, Dick Durbin, Ken Paxton, John Cornyn",181
"Possible human skeleton found next to Jackie Robinson Highway right near major NYC cemetery","Aug 06, 2025 10:57 PM",25-34,"News, Health & Fitness, People & Society, Arts & Entertainment, Crime","Crime, Investigation, Jackie Robinson, NYC",Male,us,"Jackie Robinson Highway, Cypress Hill Cemetery, NYPD",Fear,"Jackie Robinson",185
"Texas AG launches probe into Beto O’Rourke’s political group over funding for Democrats who fled state  ","Aug 07, 2025 06:58 AM",25-34,"News, Politics, Business & Industrial, People & Society, Law & Government","Investigation, Politics, Beto O'Rourke, Texas",Male,us,"Texas AG, Powered by People, Texas House Democrats",Anticipation,"Ken Paxton, Beto O'Rourke",187
"Pair of men disguised as women rob Park Ridge 7-Eleven, police say","Aug 07, 2025 12:56 AM",25-34,"News, People & Society, Crime, Health & Fitness, Business & Industrial","Crime, Robbery, Park Ridge, Mace",Male,us,"Park Ridge, 7-Eleven, Police Department",Fear,"Sara Tenenbaum",187
"Texas AG probes Beto O'Rourke's PAC over Democrats' walkout","Aug 06, 2025 11:30 PM",25-34,"News, Law & Government, Politics, Business & Industrial, People & Society","Politics, Investigation, Texas, Beto O'Rourke",Male,us,"Texas Attorney General, Powered by People, Texas House Democrats",Anticipation,"Ken Paxton, Beto O'Rourke, Dustin Burrows",187
"Virginia high school staff arranged students&#8217; abortions without parental consent: report","Aug 07, 2025 06:58 AM",25-34,"Health & Fitness, News, Law & Government, People & Society, Education","Abortion, Parental Consent, Investigation, Student Welfare",Female,us,"Virginia, Abortion, Fairfax County Public Schools",Anger,"Fairfax County Public Schools, Centreville High School",191
"All victims in Traverse City Walmart stabbing attack released from local hospital","Aug 06, 2025 09:32 PM",25-34,"News, Health & Fitness, People & Society, Law & Government, Sports","Crime, Local News",Male,us,"Walmart, Traverse City, Stabbing Attack",Happiness,"Traverse City Police, Walmart Management",191
"Ford SUV stolen with child still inside","Aug 07, 2025 01:36 PM",25-34,"News, People & Society, Autos & Vehicles, Health & Fitness, Crime","Crime, Child Safety, Stolen Vehicle",Female,us,"Ford SUV, Child, Theft",Fear,"Ford, Child",193
"Body of missing father found perfectly intact inside glacier 28 years after he disappeared","Aug 07, 2025 02:09 AM",35-44,"News, People & Society, Health & Fitness, Science, Travel","Human Interest, Mystery, Discovery, Family",Male,pk,"glacier, Kohistan region, family feud",Surprise,"Naseeruddin, Kaseeruddin, Omar Khan",193
"Loveland police investigating possible illegal casino","Aug 06, 2025 09:15 PM",25-34,"News, Law & Government, People & Society, Business & Industrial, Hobbies & Leisure","Investigation, Illegal Casino, Loveland Police, Northern Colorado",Male,us,"Loveland Police Department, Hargrave Holdings LLC, Larimer County District Attorney's Office",Anticipation,"Dillon Thomas",196
"Injured children from Gaza arrive in Bay Area to get medical treatment","Aug 07, 2025 04:42 AM",25-34,"Health & Fitness, News, People & Society, Travel, Hobbies & Leisure","Human Interest, Medical Treatment, Gaza, Children",Female,us,"HEAL Palestine, Gaza, Bay Area",Empathy,"Dr. Mohammad Subeh, Talha Baqar, Katie Nielsen",197
"Pontiac man killed in hit-and-run crash, deputies searching for suspect","Aug 06, 2025 09:32 PM",25-34,"News, People & Society, Law & Government, Health & Fitness, Autos & Vehicles","Crime, Accident, Investigation",Male,us,"Hit-and-Run, Pontiac, Suspect",Fear,"Deputy, Pontiac Man",199
"Driver sought in fatal hit-and-run near North Miami, MDSO says","Aug 06, 2025 09:40 PM",25-34,"News, People & Society, Law & Government, Health & Fitness, Sports","Hit-and-Run, Miami, Law Enforcement, Pedestrian",Male,us,"Miami-Dade Sheriff's Office, Toyota Tundra, Enrique De Moya",Sadness,"Enrique De Moya, Mauricio Maldonado",200
"Moreno Valley man arrested for murder of two brothers in 2006 cold case","Aug 07, 2025 05:39 AM",25-34,"News, Law & Government, People & Society, Crime, Health & Fitness","Crime, Cold Case, Arrest, Homicide",Male,us,"Moreno Valley, Riverside County, Cold Case Unit",Anticipation,"Richard Ferris, Louie Granado, Glenn Granado",202
"Millionaire Texas rancher fatally gored by buffalo during South Africa hunting trip","Aug 07, 2025 02:09 AM",35-44,"Arts & Entertainment, Business & Industrial, Health & Fitness, News, Sports","Hunting, Tragedy, Wildlife, Safari",Male,us,"Asher Watkins, Cape buffalo, Coenraad and Vermaak Safari",Sadness,"Asher Watkins, Gwen, Amon, Courtney, Savannah",203
"Woman found dead in California clothing donation bin after getting head trapped in receptacle","Aug 06, 2025 10:57 PM",35-44,"News, People & Society, Health & Fitness, Arts & Entertainment, Crime","Crime, Tragedy, Investigation",Female,us,"California, Clothing Donation Bin, Police",Sadness,"Lodi Police Department",203
"Maryland town works to secure storm drains after child drowned in flash flooding","Aug 06, 2025 11:25 PM",25-34,"News, People & Society, Health & Fitness, Law & Government, Hobbies & Leisure","Tragedy, Community Safety, Flooding, Accountability",Female,us,"Mount Airy, Storm Drain, Flooding",Sadness,"Mason Kearns, Allison Eggleston, Larry Hushour, Stephen Domotor, Maggie McBain",206
"Prophetic Comment Epstein Told Me at His Weird Lair: Author","Aug 07, 2025 06:12 AM",25-34,"Arts & Entertainment, News, People & Society, Health & Fitness, Business & Industrial","Celebrity, Scandal",Male,us,"Jeffrey Epstein, Prophetic Comment, Lair",Anticipation,"Jeffrey Epstein",208
"Philadelphia teachers prepare for possible strike if deal isn't reached by Aug. 31","Aug 07, 2025 01:56 AM",25-34,"Business & Industrial, Education, News, People & Society, Law & Government","Education, Strike, Teachers, Union",Female,us,"Philadelphia Federation of Teachers, School District of Philadelphia, Education",Anticipation,"Arthur Steinberg, Cherelle Parker, Aziza Shuler",211
"Minors account for half of DC&#8217;s carjacking arrests since 2023 &#8212; including pint-sized perps as young as 12","Aug 07, 2025 02:57 AM",18-24,"News, Law & Government, People & Society, Business & Industrial, Health & Fitness","Crime, Youth Offenders, Law Enforcement, Carjacking",Male,us,"Washington DC, Carjacking, Juvenile Crime",Anger,"Donald Trump, Brian Schwalb, Zack Smith, Muriel Bowser",217
"Man caught on video repeatedly exposing himself outside Liberty City home, landlord says","Aug 07, 2025 05:41 AM",25-34,"News, People & Society, Health & Fitness, Law & Government, Crime","Crime, Investigation, Public Safety",Female,us,"Liberty City, Miami Police Department, Surveillance Cameras",Fear,"Rose, Nikiya Carrero",218
"Windy Gap Fire forces closure of highways in central and northern Grand County","Aug 07, 2025 01:16 AM",25-34,"News, Health & Fitness, Business & Industrial, Sports, People & Society","Wildfire, Colorado, Emergency, Highway Closure",Male,us,"Windy Gap Fire, Granby, Colorado",Fear,"Jesse Sarles",222
"Portland murder suspect hit with fourth homicide charge as victims&#8217; families demand justice","Aug 07, 2025 10:58 AM",25-34,"Arts & Entertainment, News, People & Society, Law & Government, Crime","Homicide, Justice, Crime, Portland",Male,us,"Jesse Lee Calhoun, Kristin Smith, Charity Perry, Bridget Webster, Joanna Speaks",Anticipation,"Nathan Vasquez, Melissa Smith, Cameron Taylor, Diana Allen",228
"Carnegie Science Center launching new name in September","Aug 06, 2025 10:01 PM",25-34,"Arts & Entertainment, Business & Industrial, Education, News, Science","Science Center, Donation, Community, Education",Female,us,"Carnegie Science Center, Kamin Science Center, Heinz History Center",Happiness,"Jason Brown, Dan Kamin, Carole Kamin, Madeline Bartos",230
"The truth about Bill Clinton&#8217;s cozy friendship with Jeffrey Epstein and his &#8216;lovely girls&#8217; as House subpoenas testimony","Aug 07, 2025 02:57 AM",35-44,"Arts & Entertainment, Business & Industrial, News, People & Society, Politics","Bill Clinton, Jeffrey Epstein, Subpoena, Scandal",Male,us,"Bill Clinton, Jeffrey Epstein, House Oversight Committee",Anticipation,"Bill Clinton, Jeffrey Epstein, Hillary Clinton, Nelson Mandela",231
"Potential connection between air quality in the Mon Valley and student absenteeism","Aug 07, 2025 02:01 AM",25-34,"Health & Fitness, News, People & Society, Business & Industrial, Science","Air Quality, Education, Health, Pollution",Male,us,"Clairton, U.S. Steel, Allegheny County Health Department",Concern,"Dr. Deborah Gentile, Dr. George Thurston, Andy Sheehan",231
"Cook County Sheriff substation still not open in South Loop","Aug 07, 2025 12:56 AM",25-34,"Law & Government, News, People & Society, Health & Fitness, Business & Industrial","Crime, Public Safety, Law Enforcement, Community",Female,us,"Cook County Sheriff's Office, South Loop, Chicago Police Department",Anticipation,"Bill Conway, Tara Molina",244
"Wanted man captured after hours long search throughout parts of Westmoreland County","Aug 07, 2025 06:02 AM",25-34,"News, Law & Government, People & Society, Crime, Sports","Crime, Law Enforcement, Arrest, Westmoreland County",Male,us,"Westmoreland County Sheriff's Office, Herminie, Tastyland",Anticipation,"Donald Sciulli, Mike Darnay",247
"Man accused of stealing car during test drive caught after 9 months on run, Miami police say","Aug 07, 2025 01:41 AM",25-34,"News, Law & Government, People & Society, Business & Industrial, Autos & Vehicles","Crime, Arrest, Investigation, Car Theft",Male,us,"Miami Police, Prado Auto Sales, CBS News Miami",Anticipation,"Alexander Roque, Alex Prado, Marybel Rodriguez",247
"Prosecutors seek prison for Home Depot theft crew that hit nearly 200 NorCal stores","Aug 07, 2025 12:41 AM",25-34,"News, Law & Government, Business & Industrial, People & Society, Crime","Crime, Theft, Sentencing, Retail",Male,us,"Home Depot, Santa Clara County, Bay Area, AB 1779",Anger,"Adolfo Duarte Herrera, Wilmer Ayala, Daniel Resendiz, Jose Martinez, Jeff Rosen",247
"""Stick library"" a hit with dogs at Fresh Pond in Cambridge","Aug 07, 2025 12:53 AM",25-34,"Pets & Animals, Hobbies & Leisure, People & Society, Arts & Entertainment, Travel","Community, Dogs, Outdoor Activities, Local Interest",Female,us,"Dog Library, Fresh Pond, Cambridge",Happiness,"Logan Hall",264
"Wildwood tramcar's biggest fan had his dream come true with boardwalk legend Gigi","Aug 07, 2025 05:57 AM",0-17,"Arts & Entertainment, People & Society, Health & Fitness, Hobbies & Leisure, Travel","Human Interest, Autism Awareness",Male,us,"Wildwood, Tramcar, Autism, Gigi",Happiness,"Oliver Carroll, April Miller, Anthony Carroll, John Gigliotti",296
"Families of teens killed in West Sacramento hit-and-run fill courtroom for suspect's first hearing","Aug 07, 2025 02:05 AM",35-44,"News, People & Society, Law & Government, Health & Fitness, Sports","Crime, Justice, Court Hearing",Female,us,"West Sacramento, Court, Hit-and-Run",Sadness,"Jerry Chatman, Stephanie Vallejos, David Walker, Jerel Todd",297
"Nearly 20 cars destroyed in massive Santa Ana carport fire","Aug 07, 2025 05:39 AM",25-34,"Autos & Vehicles, News, People & Society, Business & Industrial, Home & Garden","Fire, Investigation, Santa Ana, Carport",Male,us,"Santa Ana, Firefighters, Orange County Fire Authority",Fear,Michele,306
"Pa. Attorney General's Office charges 13 people in luxury vehicle scheme","Aug 07, 2025 02:03 PM",25-34,"Business & Industrial, Law & Government, News, People & Society, Autos & Vehicles","Crime, Law Enforcement, Investigation, Vehicle Theft",Male,us,"Pennsylvania Attorney General's Office, luxury vehicle scheme, stolen vehicles",Trust,"Anthony Troncoso, Dave Sunday, Patrick Damp",314
"State Senator discusses TEA takeover of Fort Worth ISD","Aug 06, 2025 11:30 PM",25-34,"News, Law & Government, Education, People & Society, Business & Industrial","Education, Texas, School Board, Academic Performance",Male,us,"Fort Worth ISD, Texas Education Agency, Leadership Academy at Forest Oak",Anticipation,"Phil King, Mike Morath",318
"Investigators share details in 2019 disappearance of L.A. County man connected to religious group","Aug 07, 2025 05:39 AM",25-34,"News, People & Society, Law & Government, Health & Fitness, Arts & Entertainment","Missing Persons, Investigation, Religious Group, Homicide",Male,us,"Claremont Police Department, His Way Spirit Led Assemblies, Redlands Police Department",Anticipation,"Ruben Moreno, Emilio Salem Ghanem, Dean Fioresi",357
"Ex-Georgia Lieutenant Governor Officially Ditches GOP for Democrats","Aug 06, 2025 10:11 PM",35-44,"News, Politics, People & Society, Business & Industrial, Law & Government","Politics, Election, Party Switch, Georgia",Male,us,"Georgia, GOP, Democrats, Lieutenant Governor",Surprise,"Geoff Duncan",366
"Ex-top doc at SUNY hospital sentenced for stealing nearly $1.5M to fund lavish lifestyle","Aug 06, 2025 10:57 PM",35-44,"Health & Fitness, Business & Industrial, News, Law & Government, People & Society","Crime, Law, Healthcare, Scandal",Male,us,"SUNY Downstate Medical Center, Brooklyn Supreme Court, grand larceny",Anger,"Dr. Michael Lucchesi, Eric Gonzalez, Earl Ward",379
"Imposter nurse arrested after seeing 4,000 patients without a license: &#8216;Most disturbing case of medical fraud&#8217;","Aug 07, 2025 06:58 AM",25-34,"Health & Fitness, News, Law & Government, People & Society, Business & Industrial","Medical Fraud, Crime, Arrest, Healthcare",Female,us,"Florida hospital, medical license, healthcare profession",Fear,"Autumn Bardisa, Rick Staly",441
"Oversight committee accuses Turlock superintendent of greenlighting noncompliant classroom project","Aug 07, 2025 06:06 AM",25-34,"Business & Industrial, Education, News, Law & Government, People & Society","Education, School Funding, Oversight, Compliance",Male,us,"Turlock Unified School District, Osborn Elementary School, California Department of Education",Anger,"Lacy Elliott, Barney Gordon",454
"NYC middle school spent $20K in a week at one restaurant — with $600 in eggs, $200 worth of coffee and tea: docs","Aug 06, 2025 10:57 PM",25-34,"Business & Industrial, Food & Drink, News, People & Society, Law & Government","School Spending, Education, Government Oversight, Food Services",Male,us,"Brownsville Collaborative Middle School, Fusion East, Department of Education",Anger,"Gregory Jackson, Andrew Walcott, Paul Prestia",454
"UDSD hopes to use vacant hospital to help ease overcrowding at HS","Aug 06, 2025 09:56 PM",25-34,"Business & Industrial, Health & Fitness, News, People & Society, Education","Education, Community Development, School District, Hospital",Female,us,"Upper Darby School District, Delaware County Memorial Hospital, Prospect Medical Holdings",Anticipation,"Daniel McGarry, Eric Aubrey, Madeleine Wright",456
"Free South Baltimore Learning Center temporarily closes after federal funding pause","Aug 06, 2025 11:25 PM",25-34,"Education, Business & Industrial, People & Society, News, Health & Fitness","Education, Nonprofit, Community Support, Workforce Development",Female,us,"South Baltimore Learning Center, federal funding, adult education",Empathy,"Melissa Davis, Cha'kel Walker, Kaicey Baylor",463
"Aurora's Gateway High students build futures through ConstrucTECH Program","Aug 06, 2025 09:15 PM",18-24,"Education, Business & Industrial, People & Society, Health & Fitness, Hobbies & Leisure","Education, Career Development, Construction, Technical Training",Female,us,"ConstrucTECH Program, Gateway High School, Aurora Public Schools",Happiness,"Andrew Woods, Audrey Valladolid, Kelly Werthmann",463
"Doctor exposes shocking disparity in medicine costs between the US and Australia","Aug 07, 2025 02:59 PM",25-34,"Health & Fitness, Business & Industrial, News, Politics, People & Society","Healthcare, Pharmaceuticals, US-Australia Relations, Drug Pricing",Male,us,"Pharmaceutical Benefits Scheme, Healthcare System, Drug Tariffs",Surprise,"Michael, Donald Trump, Matt Grudnoff, Anthony Albanese",869
